"item_no","item_description","vendor_name","proof","case_cost","pack"
904669,"Aha Toro Anejo Tequila","William Ryan Select Ltd","80","196.48",6
904670,"Aha Toro Reposado Tequila","William Ryan Select Ltd","80","182.17",6
904676,"Aha Toro Blanco Tequila","William Ryan Select Ltd","80","167.86",6
904685,"Centinela Blanco","Haas Brothers","80","213.20",12
904703,"Jose Cuervo Especial Silver","Proximo","80","131.85",24
904713,"Cabrito Reposado","Haas Brothers","80","185.70",24
904714,"El Jimador Reposado Tequila","Brown-forman Corporation","80","140.67",24
904721,"El Jimador Reposado Tequila Mini","Brown-forman Corporation","80","98.66",10
904748,"Centinela Reposado","Haas Brothers","80","240.70",12
904754,"El Mayor Extra Anejo 100% Agave HA","Luxco-st Louis","80","371.26",6
904763,"Don Julio Reposado","Diageo Americas","80","167.93",12
904792,"Sauza Tres Generaciones Anejo DNO","Jim Beam Brands","80","141.72",6
904802,"Lunazul Tequila Reposado","Heaven Hill Distilleries Inc.","80","127.60",12
904804,"Milagro Tequila Silver","William Grant And Sons Inc.","80","95.60",12
904808,"Cazadores Reposado","Bacardi U.s.a. Inc.","80","176.21",6
904813,"Don Julio Blanco","Diageo Americas","80","155.68",12
904814,"Espolon Reposado","Shaw Ross International Importers Ll","80","131.87",12
904817,"Manik Reposado","Jalixco Trading Co. Llc","80","129.00",6
904823,"Manik Anejo","Jalixco Trading Co. Llc","80","138.00",6
904829,"Totem Blanco","Jalixco Trading Co. Llc","80","184.00",12
904846,"Manik Blanco","Jalixco Trading Co. Llc","80","120.00",6
904853,"Totem Anejo","Jalixco Trading Co. Llc","80","214.00",12
904861,"Totem Reposado","Jalixco Trading Co. Llc","80","194.00",12
904868,"Sauza Tres Gen Minis (dno)","Jim Beam Brands","80","171.20",10
904896,"Azunia Platinum(white)","Intersect Beverage Llc","80","177.10",6
904907,"Giro Tequila Gold","Jim Beam Brands","80","76.00",12
904909,"Sauza Tres Generaciones Reposado Minis","Jim Beam Brands","80","85.60",6
904916,"Scorpion Mezcal Reposado","Park Street Imports- Caballeros","80","135.96",6
904921,"1921 Tequila Blanco","Casa 1921 Llc","80","141.00",6
904936,"Centinela Anejo","Haas Brothers","80","253.20",12
904939,"1921 Tequila Anejo","Casa 1921 Llc","80","181.00",6
904945,"El Mayor Reposado","Luxco-st Louis","80","120.30",6
904954,"Corazon Tequila Blanco","Monsieur Henri Wines Ltd.","80","72.00",6
904955,"1921 Tequila Reposado","Casa 1921 Llc","80","159.00",6
904960,"Hacienda Vieja","Marsalle Company/stoller Warehouse","80","186.15",12
904966,"Cabrito Reposado","Haas Brothers","80","169.70",12
904983,"Herradura Anejo Tequila","Brown-forman Corporation","80","168.25",6
904995,"Calle Azul De Agave Anejo","Sazerac Co. Inc.","80","119.94",12
3438,"Tequila Avion Counter Unit","Pernod Ricard Usa/austin Nichols","80","23.30",4
964018,"Agave Loco","Mhw Ltd","71","106.00",6
967032,"Tanteo Jalapeno","Park Street Imports-tanteo","80","118.61",6
967757,"Patron XO Cafe","The Patron Spirits Company","80","82.10",12
3566,"Patron Tequila Three Pack","The Patron Spirits Company","80","155.04",4
987083,"Alien Tequila Silver","Alien Tequila Spirits Company","80","143.28",6
987256,"Cabrito Blanco Tequila","Phillips Beverage Company","80","131.80",12
987266,"Casa Noble Crystal(blanco)","Constellation Wine Company Inc.","80","120.00",6
987280,"Casamigos Blanco","Sidney Frank Importing Co.","40","161.00",6
987316,"Centinela Blanco Tequila","Phillips Beverage Company","80","135.80",6
987401,"Jose Cuervo Especial Silver","Proximo","80","137.99",120
987406,"Jose Cuervo Platino Reserva De La Familia","Proximo","80","179.97",6
987416,"Jose Cuervo Tradicional Silver","Proximo","80","131.95",12
987507,"1800 Silver Tequila","Proximo","80","112.00",24
987509,"1800 Silver Tequila","Proximo","80","101.94",12
987513,"1800 Silver Tequila","Proximo","80","147.00",6
987607,"El Toro Silver","Sazerac North America","80","78.75",12
987608,"El Toro Silver","Sazerac North America","80","75.40",12
987619,"Espolon Tequila Blanco","Campari(skyy)","80","80.94",6
987640,"Familia Camarena Silver Mini","E And J Gallo Winery","80","59.94",6
987756,"Gran Centenario Tenampa Azul Silver DNO","Proximo","80","130.94",12
987862,"IXA Tequila","Modern Spirits","80","136.00",6
987868,"Jarana Blanco Tequila","Mhw Ltd","80","89.88",12
987945,"Kah Tequila Blanco Mini","Aveniu Brands","80","233.00",48
987946,"Kah Tequila Blanco","Aveniu Brands","80","150.00",6
988017,"Lunazul Blanco Mini","Heaven Hill Distilleries Inc.","80","64.00",6
988018,"Lunazul Blanco Tequila","Heaven Hill Distilleries Inc.","80","118.00",12
988037,"Margaritaville Silver Tequila","Monsieur Henri Wines Ltd.","80","94.00",12
988152,"901 Tequila HA","Jim Beam Brands","80","94.44",6
988406,"Patron Roca Silver","The Patron Spirits Company","90","210.00",6
988536,"Sauza Blue Silver","Jim Beam Brands","80","125.84",12
988545,"Giro Tequila Silver","Jim Beam Brands","80","80.09",12
988582,"Silvercoin Tequila","Santa Fe Tequila Company","80","121.25",6
988804,"Patron Roca Anejo","The Patron Spirits Company","88","270.00",6
988805,"Patron Roca Reposado","The Patron Spirits Company","84","240.00",6
988858,"Wild Shot Silver Tequila","Shaw Ross International Importers Ll","87","163.51",6
989011,"El Toro Gold","Sazerac North America","80","78.75",12
989033,"Avion Anejo","Pernod Ricard Usa/austin Nichols","80","131.88",12
989035,"Avion Reposado","Pernod Ricard Usa/austin Nichols","80","125.88",12
989079,"Gran Centenario Tenampa Azul Reposado DNO","Proximo","80","130.94",12
989089,"Centinela Anejo Tequila","Phillips Beverage Company","80","171.80",6
989157,"Centinela Reposado Tequila","Phillips Beverage Company","80","149.80",6
989177,"Casamigos Reposado","Sidney Frank Importing Co.","40","167.00",6
989191,"Cuervo Especial Gold Tequila P.e.t.","Proximo","80","93.87",120
989200,"Don Julio 70th Anniversary","Diageo Americas","80","194.49",6
989204,"1800 Reposado Tequila","Proximo","80","108.20",12
989210,"Jose Cuervo La Reserva de la Familia","Proximo","80","225.00",3
989221,"Del Maguey Vida Mezcal","Monsieur Henri Wines Ltd.","84","108.00",6
989286,"Espolon Tequila Reposado","Campari(skyy)","80","80.94",6
989315,"Gran Centenario Leyenda Tequila","Proximo","80","384.60",3
989411,"Del Maguey Chichicapa Tequila","Monsieur Henri Wines Ltd.","92","210.00",6
989451,"Kah Tequila Anejo Mini","Aveniu Brands","80","297.00",48
989453,"Kah Tequila Anejo","Aveniu Brands","80","235.00",6
989457,"Hacienda Vieja Reposado","Marsalle Company/stoller Warehouse","80","208.00",12
989469,"Lunazul Reposado Mini","Heaven Hill Distilleries Inc.","80","64.00",6
989475,"Lunazul Anejo","Heaven Hill Distilleries Inc.","80","66.10",6
989482,"El Zarco Gold Tequila","Proximo","80","92.00",12
989488,"Maestro Dobel Tequila","Proximo","80","147.98",6
989489,"Kah Tequila Reposado Mini","Aveniu Brands","80","267.00",48
989490,"KAH Tequila Reposado","Aveniu Brands","110","213.00",6
989505,"Jarana Reposado Tequila","Mhw Ltd","80","89.88",12
989530,"Familia Camarena Reposado Mini","E And J Gallo Winery","80","59.94",6
989561,"Monte Alban Mezcal Minis","Sazerac North America","80","117.50",120
989568,"Monte Alban Reposado Tequila","Sazerac North America","80","118.48",12
989619,"Sauza Cien 100 Anos Reposado","Jim Beam Brands","80","119.64",6
989624,"Patron Reposado","The Patron Spirits Company","80","177.00",12
989640,"Patron Gran Piedra","The Patron Spirits Company","80","780.00",4
989644,"Patron Anejo","The Patron Spirits Company","80","201.00",12
989646,"Patron Anejo Barrel Select Program","The Patron Spirits Company","80","319.93",12
989771,"Rancho Alegre Reposado Tequila","Sans Wine And Spirits Co","80","86.00",12
989811,"Sauza Conmemorativo 50 Ml. Shooters","Domecq Importers Inc.","80","82.93",60
989829,"100 Anos Anejo","Jim Beam Brands","80","144.84",12
989966,"Wild Shot Reposado","Shaw Ross International Importers Ll","87","169.14",6
993526,"Patron 50ml Tri-Pack","The Patron Spirits Company","60","217.50",20
993771,"Patron XO Cafe/Silver mini","The Patron Spirits Company","60","297.50",30
3655,"Herradura Silver","Brown-forman Corporation","80","125.62",6
3656,"Herradura Anejo","Brown-forman Corporation","80","168.25",6
3657,"Herradura Gold Reposado 6pak","Brown-forman Corporation","80","141.45",6
3676,"Herradura Blanco Silver 6x6 Tequila","Brown-forman Corporation","80","239.24",12
3678,"Herradura Gold Reposado 6x6 Tequila","Brown-forman Corporation","80","271.08",12
5048,"The Glenlivet Nadurra Triumph 1991","Pernod Ricard Usa/austin Nichols","96","248.44",6
64613,"Jose Cuervo Cinge Mini","Proximo","70","137.99",12
64615,"Jose Cuervo Cinge","Proximo","70","126.88",12
64781,"Jose Cuervo Tropina","Proximo","80","68.99",6
64782,"Jose Cuervo Tropina","Proximo","80","121.15",12
64802,"Jose Cuervo Citrico (no Longer Produced)","Proximo","80","121.15",12
64805,"Jose Cuervo Citrico","Proximo","80","68.99",6
64806,"Jose Cuervo Oranjo","Proximo","80","121.15",12
64808,"Jose Cuervo Oranjo","Proximo","80","68.99",6
64930,"1800 Coconut Mini","Proximo","70","19.80",6
64933,"1800 Coconut","Proximo","70","185.49",12
66177,"Peligroso Cinnamon Mini","Diageo Americas","70","35.99",8
66178,"Peligroso Cinnamon","Diageo Americas","70","68.97",6
67031,"Tarantula Azul Citrus Flavored Tequila","Mccormick Distilling Company","80","120.00",10
67036,"Tarantula Azul Citrus Flavored Tequila","Mccormick Distilling Company","80","160.00",12
67196,"Twisted Sheilas Lime Tequila","Constellation Wine Company Inc.","70","92.72",12
75307,"Laprima Vanilla Tequila","Luxco-cleveland","60","87.92",12
802114,"Don Julio Anejo Mini","Seagram Americas","80","119.87",60
803316,"Cabo Wabo Tequila Minis","Campari(skyy)","80","141.25",60
803319,"Margaritaville Oro Mini","Monsieur Henri Wines Ltd.","80","106.08",120
864781,"Jose Cuervo Tropina","Proximo","80","61.39",60
864805,"Jose Cuervo Citrico","Proximo","80","61.39",60
864808,"Jose Cuervo Oranjo","Proximo","80","61.39",60
87150,"Avion Silver","Pernod Ricard Usa/austin Nichols","80","149.94",6
87152,"Avion Silver","Pernod Ricard Usa/austin Nichols","80","143.64",12
87227,"Beamero White Tequila","Jim Beam Brands","80","65.84",12
87228,"Beamero White Tequila","Jim Beam Brands","80","54.12",6
87250,"Cabo Wabo Blanco","Campari(skyy)","80","80.50",6
87256,"Cabrito Blanco","Phillips Beverage Company","80","131.80",12
87266,"Casa Noble Blanco Tequila","Wilson Daniels Ltd.","80","124.60",6
87280,"Casamigos Blanco","Sidney Frank Importing Co.","80","161.00",6
87335,"Chinaco Blanco Artisian Handblown Tequila","Jim Beam Brands","80","131.83",6
87380,"Corazon De Agave Blanco Tequila","Monsieur Henri Wines Ltd.","80","157.70",6
87381,"Corazon De Agave Blanco Tequila","Sidney Frank Importing Co.","80","118.00",6
87383,"Corazon de Agave Tequila Blanco","Monsieur Henri Wines Ltd.","80","72.00",6
87385,"Corralejo Silver","Wilson Daniels Ltd.","80","82.90",6
87396,"Corzo Silver","Bacardi U.s.a. Inc.","80","155.84",6
87398,"Cruz Del Sol Silver","Trinchero Family Estates","80","151.00",6
87403,"Jose Cuervo Especial Silver","Proximo","80","131.85",24
87406,"Jose Cuervo Platino Reserva De La Familia","Proximo","80","44.99",6
87408,"Jose Cuervo Especial Silver","Proximo","80","125.87",12
87409,"Jose Cuervo Especial Silver","Proximo","80","149.95",12
87410,"Jose Cuervo Especial Silver","Proximo","80","121.49",6
87416,"Jose Cuervo Tradicional Silver","Proximo","80","131.95",12
87426,"Jose Cuervo Classico","Proximo","80","125.87",12
87428,"Jose Cuervo Classico","Proximo","80","121.49",6
87436,"Jose Cuervo White Tequila","Proximo","80","121.55",12
87437,"Jose Cuervo White Tequila","Proximo","80","150.35",12
87448,"DeLeon Platinum","Diageo Americas","80","180.00",6
87460,"Don Eduardo Silver Tequila","Brown-forman Corporation","80","134.95",6
87485,"Don Julio Blanco Tequila","Diageo Americas","80","158.94",6
87496,"Dos Gusanos Mezcal","Luxco-st Louis","80","96.48",12
87506,"Gran Centenario Plata White","Proximo","80","324.02",12
87509,"1800 Silver Tequila","Proximo","80","107.49",12
87510,"1800 Silver Tequila","Proximo","80","185.49",12
87511,"1800 Silver","Proximo","80","92.75",6
87513,"1800 Silver Tequila","Proximo","80","134.96",6
87538,"1800 Essential Artist Series","Proximo","80","166.09",12
87539,"1800 Essential Tequila","Proximo","80","86.97",6
87546,"El Conquistador Blanco","Heaven Hill Distilleries Inc.","80","98.45",6
87586,"El Jimador Blanco Tequila","Brown-forman Corporation","80","133.69",12
87596,"El Mayor Blanco","Luxco-st Louis","80","66.00",6
87619,"Espolon Blanco","Campari(skyy)","80","80.49",6
87626,"El Tesoro Silver Tequila","Jim Beam Brands","80","228.64",12
87632,"El Zarco Silver","Proximo","80","92.00",12
87643,"Familia Camarena Silver","E And J Gallo Winery","80","120.00",12
87756,"Azul Silver","Proximo","80","130.94",12
87836,"Herradura Blanco Silver Tequila","Brown-forman Corporation","80","239.24",12
87846,"Herradura Blanc Silver Tequila","Brown-forman Corporation","80","239.24",12
87862,"IXA Tequila","Modern Spirits","80","23.25",6
87936,"Juarez Tequila Silver","Luxco-st Louis","80","78.00",12
87937,"Juarez Tequila Silver","Luxco-st Louis","80","83.00",12
87938,"Juarez Tequila Silver","Luxco-st Louis","80","81.00",6
87945,"Kah Blanco Mini","Drinks Americas","80","205.00",48
87946,"Kah Blanco Tequila","Aveniu Brands","80","149.00",6
87997,"La Prima Tequila/white","Luxco-cleveland","80","79.00",12
88017,"Lunazul Blanco Mini","Heaven Hill Distilleries Inc.","80","64.00",6
88018,"Lunazul Blanco","Heaven Hill Distilleries Inc.","80","113.00",12
88019,"Maestro Dobel Diamond Tequila(dno)","Proximo","80","74.99",3
88036,"Margaritaville Silver Tequila","Monsieur Henri Wines Ltd.","80","78.12",12
88037,"Margaritaville Silver Tequila","Monsieur Henri Wines Ltd.","80","94.00",12
88100,"Monte Alban Silver Tequila","Sazerac North America","80","118.48",12
88116,"Milagro Silver Tequila","William Grant And Sons Inc.","80","94.10",6
88120,"Milagro Tequila Sbr Silver","William Grant And Sons Inc.","80","167.00",6
88146,"Montezuma White Tequila","Sazerac North America","80","84.80",12
88147,"Montezuma White Tequila","Sazerac North America","80","84.20",12
88148,"Montezuma White Tequila","Sazerac North America","80","79.20",6
88152,"Sauza 901 Silver","Jim Beam Brands","80","94.44",6
88183,"Olmeca Altos Plata Mini","Pernod Ricard Usa/austin Nichols","80","39.60",12
88186,"Olmeca Altos Plata","Pernod Ricard Usa/austin Nichols","80","68.94",6
88287,"Pancho Villa Tequila Silver","Mccormick Distilling Company","80","67.07",12
88290,"Patron Silver Tequila","The Patron Spirits Company","80","102.00",12
88291,"Patron Tequila Silver Mini","The Patron Spirits Company","80","203.00",10
88294,"Patron Silver Tequila","The Patron Spirits Company","80","168.00",12
88296,"Patron Tequila Silver","The Patron Spirits Company","80","324.00",12
88298,"Patron Tequila Silver","The Patron Spirits Company","80","174.00",3
88300,"Patron Gran Platinum","The Patron Spirits Company","80","315.00",3
88310,"Peligroso Silver","Diageo Americas","80","89.97",6
88350,"Porfidio Plata Tequila","Cruzan International Inc.","80","186.00",6
88381,"Rattlesnake Tequila","Spirits Of The Usa","90","154.80",12
88536,"Sauza Blue Silver","Jim Beam Brands","80","125.92",12
88540,"Hornitos Lime Shot","Jim Beam Brands","70","157.36",12
88543,"Sauza Cien Anos Blanco","Jim Beam Brands","80","126.88",12
88548,"Hornitos Plata","Jim Beam Brands","80","157.36",12
88556,"Sauza Blanco Silver","Jim Beam Brands","80","107.09",12
88557,"Sauza Blanco Silver Tequila","Allied Domecq Spirits And Wine Usa","80","134.32",12
88558,"Sauza Blanco Silver","Jim Beam Brands","80","110.20",6
88566,"Sauza Tres Generaciones Plata","Jim Beam Brands","80","125.96",6
88582,"Silvercoin","Santa Fe Tequila Company","80","121.25",6
88630,"Tarantula Plata 100","Mccormick Distilling Company","100","120.00",12
88686,"Vince Neil Tres Rios Blanco Tequila","Aveniu Brands","80","120.00",6
88737,"Torada Tequila White","Sazerac Co. Inc.","80","79.50",12
887381,"Corazon Blanco Tequila","Sidney Frank Importing Co.","80","118.00",60
88764,"Tortilla White Tequila","White Rock Distilleries Inc.","80","86.95",24
88766,"Tortilla White Tequila","Sazerac Co. Inc.","80","74.38",12
88767,"Tortilla White Tequila","Sazerac Co. Inc.","80","79.60",12
88768,"Tortilla White Tequila","Sazerac Co. Inc.","80","75.80",6
88780,"Tres Agaves Blanco","Trinchero Family Estates","80","91.00",6
888291,"Patron Silver Mini","The Patron Spirits Company","80","203.00",60
88841,"Hornitos Black Barrel","Jim Beam Brands","80","188.88",12
88856,"Viuda De Romero Blanco Tequila","Pernod Ricard Usa/austin Nichols","80","121.67",12
88858,"Wild Shot Silver","Shaw Ross International Importers Ll","43","162.39",6
889191,"Jose Cuervo Especial Reposado Tequila","Proximo","80","93.87",120
889211,"Jose Cuervo Black Medallion Mini","Proximo","80","120.47",60
889238,"Corazon De Agave Reposado Tequila","Sidney Frank Importing Co.","80","148.00",60
89011,"El Toro Gold","Sazerac North America","80","84.26",12
89029,"Avion Anejo","Pernod Ricard Usa/austin Nichols","80","173.94",6
89030,"Avion Reposado","Pernod Ricard Usa/austin Nichols","80","158.94",6
89046,"Aguila Royale Tequila Anejo","Nws Inc Dba Consolidated Dist","80","124.48",12
89079,"Azul Reposado","Proximo","80","130.94",12
89085,"Cruz Del Sol Reposado","Trinchero Family Estates","80","163.00",6
89094,"Corzo Anejo","Bacardi U.s.a. Inc.","80","185.84",6
89099,"Cazadores Anejo","Bacardi U.s.a. Inc.","80","109.96",6
89121,"Cazadores Reposado","Bacardi U.s.a. Inc.","80","164.92",12
89139,"Cabo Wabo Reposado","Campari(skyy)","80","86.16",6
89144,"Corzo Reposado","Bacardi U.s.a. Inc.","80","166.80",6
89150,"Cabrito Reposado","Phillips Beverage Company","80","131.80",12
89154,"Don Julio Reposado","Diageo Americas","80","173.94",6
89159,"Chimayo Reposado Tequila","Nicholas Enterprises","80","149.68",12
89164,"Don Julio 1942","Diageo Americas","80","370.44",6
89165,"Chinaco Anejo Artisan Handblown","Jim Beam Brands","80","169.84",6
89175,"Don Julio Anejo Tequila","Diageo Americas","80","194.94",6
89176,"Don Julio Anejo Tequila","Seagram Americas","80","296.14",12
89177,"Casamigos Reposado","Sidney Frank Importing Co.","80","167.00",6
89178,"El Mayor Anejo Tequila","Luxco-st Louis","80","96.00",6
89182,"El Mayor Reposado","Luxco-st Louis","80","81.00",6
89191,"Jose Cuervo Especial Reposado Tequila Mini","Proximo","80","137.99",12
89193,"Jose Cuervo Especial Reposado Tequila","Proximo","80","143.83",48
89194,"Jose Cuervo Especial Reposado Flask","Proximo","80","131.85",24
89196,"Jose Cuervo Especial Reposado Tequila","Proximo","80","125.87",12
89197,"Jose Cuervo Especial Reposado Tequila","Proximo","80","149.95",12
89198,"Jose Cuervo Especial Reposado Tequila","Proximo","80","121.49",6
89199,"Jose Cuervo Especial Reposado Square","Proximo","80","65.92",12
89200,"Don Julio 70th Anniversary","Diageo Americas","80","194.49",6
89204,"1800 Reposado Tequila","Proximo","80","107.49",12
89206,"1800 Reposado Tequila","Proximo","80","185.49",12
89207,"1800 Reposado","Proximo","80","92.75",6
89208,"1800 Reposado","Proximo","80","134.96",6
89210,"Jose Cuervo Reserva De La Familia","Proximo","80","172.23",3
89211,"Jose Cuervo Black Medallion","Proximo","80","120.47",6
89212,"Jose Cuervo Black Medallion","Proximo","80","149.95",12
89213,"Jose Cuervo Black Medallion","Proximo","80","187.15",12
89215,"Jose Cuervo Tradicional Reposado Tequila","Proximo","80","178.72",12
89216,"Cuervo Tradicional Tequila","Proximo","80","86.37",6
89224,"Corazon De Agave Reposado Tequila","Monsieur Henri Wines Ltd.","80","84.00",6
89226,"Cuervo Mistico","Proximo","80","91.77",12
89230,"1800 Anejo Tequila","Proximo","80","116.97",6
89235,"Corazon De Agave Reposado Tequila","Monsieur Henri Wines Ltd.","80","161.70",6
89238,"Corazon De Agave Reposado Tequila","Sidney Frank Importing Co.","80","148.00",6
89240,"Don Eduardo Anejo Tequila","Brown-forman Corporation","80","150.00",6
89242,"Corralejo Reposado Tequila","Wilson Daniels Ltd.","80","90.00",6
89246,"Dos Gusanos Mezcal","Luxco-st Louis","80","103.95",12
89250,"Gran Centenario Anejo","Proximo","80","183.84",6
89255,"Don Eduardo Reposado","Brown-forman Corporation","80","153.28",6
89256,"Gran Centenario Reposado Gold","Proximo","80","336.86",12
89263,"El Jimador Reposado Tequila","Sazerac Co. Inc.","80","184.30",12
89266,"El Tesoro Anejo Tequila","Jim Beam Brands","80","292.32",12
89267,"El Tesoro Anejo Tequila","Jim Beam Brands","80","158.69",6
89272,"Dos Tiranos Mezcal","Luxco-st Louis","80","112.58",12
89274,"El Jimador Anejo Tequila","Brown-forman Corporation","80","77.30",6
89278,"El Jimador Reposado Tequila","Brown-forman Corporation","80","133.69",12
89286,"Espolon Reposado","Campari(skyy)","80","80.49",6
89292,"Gran Centenario Anejo","Proximo","80","183.84",6
89300,"DeLeon Anejo","Diageo Americas","80","225.00",6
89306,"El Conquistador Anejo","Heaven Hill Distilleries Inc.","80","131.26",6
89310,"El Conquistador Reposado","Heaven Hill Distilleries Inc.","80","114.87",6
89322,"DeLeon Reposado","Diageo Americas","80","195.00",6
89326,"Herradura Anejo Tequila","Brown-forman Corporation","80","324.27",12
89336,"Herradura Gold Reposado Tequila","Brown-forman Corporation","80","271.08",12
89343,"Hussong's Tequila Reposado","Mccormick Distilling Company","80","120.00",6
89345,"Hussong's Agave Tequila Dark Jug","Mccormick Distilling Company","80","120.00",6
89346,"Hussong's Agave Tequila Dark Jug","Mccormick Distilling Company","80","240.00",12
89386,"Juarez Tequila Gold","Luxco-st Louis","80","78.00",12
89387,"Juarez Tequila Gold","Luxco-st Louis","80","83.00",12
89388,"Juarez Tequila Gold","Luxco-st Louis","80","81.00",6
89436,"Lapis Tequila Anejo","Shaw Ross International Importers Ll","80","148.55",6
89447,"La Prima Tequila/gold","Luxco-cleveland","80","79.00",12
89448,"La Prima Tequila/gold","Luxco-cleveland","80","70.00",6
89451,"Kah Anejo Mini","Drinks Americas","80","269.00",48
89453,"Kah Anejo","Aveniu Brands","80","23.25",6
89459,"Kah Extra Anejo","Drinks Americas","80","749.00",6
89468,"Lunazul Reposado","Heaven Hill Distilleries Inc.","80","113.00",12
89469,"Lunazul Reposado Mini","Heaven Hill Distilleries Inc.","80","64.00",6
89482,"El Zarco Gold","Proximo","80","92.00",12
89488,"Maestro Dobel","Proximo","80","147.98",6
89489,"Kah Reposado Mini","Drinks Americas","110","239.04",48
89490,"Kah Reposado","Aveniu Brands","110","176.00",6
89496,"Margaritaville Gold Tequila","Monsieur Henri Wines Ltd.","80","78.12",12
89497,"Margaritaville Tequila Oro(Gold)","Monsieur Henri Wines Ltd.","80","94.00",12
89516,"Matador Gold Tequila","Proximo","80","75.95",12
89517,"Matador Gold Tequila","Proximo","80","77.95",12
89533,"Familia Camarena Reposado","E And J Gallo Winery","80","120.00",12
89537,"Mccormick Gold Tequila","Mccormick Distilling Company","80","78.64",12
89540,"Montezuma Anejo Especial Gold Tequila","Sazerac North America","80","98.27",12
89566,"Monte Alban Mezcal","Sazerac North America","80","159.05",12
89568,"Monte Alban Reposado","Sazerac North America","80","118.48",12
89576,"Montezuma Tequila Gold","Sazerac North America","80","84.80",12
89577,"Montezuma Gold Tequila","Sazerac North America","80","84.20",12
89578,"Montezuma Gold Tequila","Sazerac North America","80","79.20",6
89583,"Milagro Reposado Tequila","William Grant And Sons Inc.","80","97.50",6
89589,"Olmeca Altos Reposado Mini","Pernod Ricard Usa/austin Nichols","80","39.60",12
89593,"Milagro Tequila Sbr Anejo","William Grant And Sons Inc.","80","288.00",6
89610,"Olmeca Altos Reposado","Pernod Ricard Usa/austin Nichols","80","68.94",6
89617,"Sauza Cien Anos Reposado","Jim Beam Brands","80","120.00",12
89619,"100 Anos Azul 100% Agave","Jim Beam Brands","80","23.25",6
89624,"Patron Reposado","The Patron Spirits Company","80","174.00",12
89626,"Patron Reposado Tequila","The Patron Spirits Company","80","336.00",12
89637,"Poncho Villa Tequila Gold","Mccormick Distilling Company","80","82.03",12
89644,"Patron Anejo","The Patron Spirits Company","80","198.00",12
89646,"Patron Anejo","The Patron Spirits Company","80","372.00",12
89672,"Peligroso Anejo","Diageo Americas","80","119.97",6
89674,"Peligroso Reposado","Diageo Americas","80","104.97",6
89697,"Phillips Gold Tequila","Phillips Beverage Company","80","83.80",12
89750,"Reserva Del Dueno Tequila","William Grant And Sons Inc.","83","180.00",6
89786,"Sauza Gold","Jim Beam Brands","80","107.09",12
89787,"Sauza Gold","Jim Beam Brands","80","138.57",12
89788,"Sauza Gold","Jim Beam Brands","80","110.20",6
89796,"Sauza Conmemorativo","Jim Beam Brands","80","170.00",12
89802,"Sauza Blue Reposado","Jim Beam Brands","80","125.92",12
89805,"Sauza Galardon Gold Tequila","Allied Domecq Spirits And Wine Usa","80","104.30",6
89806,"Sauza Galardon Gold Tequila","Domecq Importers Inc.","80","191.92",12
89808,"Giro Gold","Jim Beam Brands","80","80.09",12
89815,"Sauza Triada Tequila","Allied Domecq Spirits And Wine Usa","80","153.55",6
89816,"Sauza Triada Tequila","Domecq Importers Inc.","80","255.92",12
89827,"Sauza Giro Gold Tequila","Domecq Importers Inc.","80","57.01",12
89829,"100 Anos Anejo","Jim Beam Brands","80","23.25",12
89836,"Hornitos Gold","Jim Beam Brands","80","157.36",12
89837,"Hornitos Gold","Jim Beam Brands","80","188.88",12
89846,"Tres Generaciones Anejo","Jim Beam Brands","80","125.96",6
89875,"Tarantula Reposado","Mccormick Distilling Company","100","120.00",12
89885,"Tres Agaves Anejo","Trinchero Family Estates","80","121.00",6
89887,"Torada Tequila Gold","Sazerac Co. Inc.","80","79.50",12
89889,"Tres Agaves Reposado","Trinchero Family Estates","80","106.00",6
89904,"Vince Neil Tres Rios Anejo Tequila","Aveniu Brands","80","156.00",6
89908,"Vince Neil Tres Rios Reposado Tequila","Aveniu Brands","80","138.00",6
89916,"Tortilla Gold Tequila","Sazerac Co. Inc.","80","74.38",12
89917,"Tortilla Gold Tequila","White Rock Distilleries Inc.","80","84.72",12
89918,"Tortilla Gold Tequila","White Rock Distilleries Inc.","80","76.96",6
89926,"T. Q. Hot Tequila Gold","Allied Domecq Spirits And Wine Usa","70","121.13",12
89930,"Vince Neil Tres Rios Anejo Tequila","Aveniu Brands","80","156.00",6
89936,"Vince Neil Tres Rios Reposado Tequila","Aveniu Brands","80","138.00",6
89946,"Two Fingers Gold Tequila","Heaven Hill Distilleries Inc.","80","81.90",12
89966,"Wild Shot Reposado","Shaw Ross International Importers Ll","43","168.40",6
89986,"Viuda De Romero Anejo Tequila","Pernod Ricard Usa/austin Nichols","80","147.27",12
89990,"Viuda De Romero Reposado Tequila","Pernod Ricard Usa/austin Nichols","80","128.08",12
901230,"Tres Agaves Reposado","Trinchero Family Estates","80","106.00",6
901270,"Grand Mayan Extra Anejo Tequila","Liquor Group Wholesale","80","358.00",6
901330,"Herradura Reposado Buy the Barrel","Brown-forman Corporation","80","413.96",12
901420,"Fat Ass Blanco","Liquor Group Wholesale","80","125.70",6
901480,"Fat Ass Reposado","Liquor Group Wholesale","80","147.00",6
901540,"Fat Ass Anejo","Liquor Group Wholesale","80","219.00",6
901885,"Tequila Tapatio Blanco","Domaine Charbay","80","238.00",12
901886,"Tequila Tapation Reposado","Domaine Charbay","80","265.00",12
901915,"Roger Clynes Mexican Moonshine Silver Tequila","Mhw Ltd","80","150.00",6
901916,"Roger Clynes Mexican Moonshine Reposado","Mhw Ltd","80","180.00",6
901917,"Roger Clynes Mexican Moonshine Anejo","Mhw Ltd","80","196.00",6
902000,"El Tesoro Paradiso Anejo","Jim Beam Brands","80","375.96",6
902001,"La Certeza Reposado Tequila","Heaven Hill Distilleries Inc.","80","140.00",6
902013,"Sauza Hornitos Anejo","Jim Beam Brands","80","201.86",12
902066,"La Certeza Anejo Tequila","Heaven Hill Distilleries Inc.","80","190.00",6
902068,"Clase Azul Reposado Tequila","Tequilas Premium Inc.","80","374.00",6
902084,"Milagro Tequila Sbr Anejo","William Grant And Sons Inc.","80","298.50",6
902114,"Don Julio Anejo Mini","Diageo Americas","80","120.02",6
902147,"Tequila Solo Blanco","Vital Beverages","80","137.00",6
902151,"Don Eduardo Silver Tequila","Brown-forman Corporation","80","134.95",6
902152,"Sauza Cien Anos Blanco","Jim Beam Brands","80","126.88",12
902168,"Tenoch Reposado Tequila","Pacific Edge Wine & Spirits","80","197.50",6
902176,"Matador Gold Tequila","Proximo","80","77.95",12
902178,"Tequila Solo Reposado","Vital Beverages","80","152.00",6
902181,"Zafarrancho Tequila","Total Beverage Solutions","80","130.00",6
902202,"Gran Centenario Plata","Proximo","80","324.02",12
902213,"Scorpion Mezcal Anejo 1 Year","Park Street Imports- Caballeros","80","312.00",12
902214,"El Jimador Anejo Tequila","Brown-forman Corporation","80","104.53",6
902228,"La Certeza Blanco Tequila","Heaven Hill Distilleries Inc.","80","130.00",6
902261,"El Mayor Anejo Tequila","Luxco-st Louis","80","136.33",6
902264,"El Charro Reposado","Sazerac Co. Inc.","80","160.00",12
902266,"Sauza Tres Generaciones Reposado","Jim Beam Brands","80","110.22",6
902270,"El Mayor Reposado Tequila","Luxco-st Louis","80","66.48",6
902271,"El Charro Anejo Tequila","Sazerac Co. Inc.","80","135.00",6
902287,"Espolon Silver Tequila","Shaw Ross International Importers Ll","80","138.20",6
902301,"Margaritaville Blanco","Monsieur Henri Wines Ltd.","80","96.00",12
902328,"Juarez Gold Tequila","Luxco-st Louis","80","105.77",48
902330,"Juarez Gold Tequila","Luxco-st Louis","80","86.88",24
902334,"Herradura Blanco 92 Prf","Brown-forman Corporation","92","276.98",12
902354,"Hacienda Vieja Blanco","Marsalle Company/stoller Warehouse","80","194.00",12
902358,"Casadores Anejo","Bacardi U.s.a. Inc.","80","140.84",6
902369,"Don Julio 1942","Diageo Americas","80","366.95",6
902375,"Don Julio Real","Diageo Americas","80","1121.64",6
902381,"Mico Gold Tequila","The Patron Spirits Company","80","109.00",12
902394,"1800 Tequila Reposado","Proximo","80","107.49",12
902398,"267 Tequila Chili Peppers","Mhw Ltd","42","66.50",6
902419,"El Tesoro Platinum Tequila","Jim Beam Brands","80","157.44",6
902421,"El Tesoro Anejo Tequila","Jim Beam Brands","80","173.22",6
902433,"Juarez Silver Tequila","Luxco-st Louis","80","86.88",24
902441,"La Prima Vanilla Tequila","Luxco-cleveland","60","40.00",12
902446,"Jose Cuervo Reserva De La Familia","Proximo","80","187.43",3
902462,"Sauza Hornitos Plata","Jim Beam Brands","80","185.92",12
902471,"Chamucos Tequila","Vital Beverages","80","310.00",12
902479,"Monte Alban Mezcal Minis","Sazerac North America","80","154.98",10
902495,"Chinaco Anejo Tequila","Anchor Distilling (preiss Imports)","80","215.00",6
902507,"Dos Tiranos Mezcal","Luxco-st Louis","80","112.58",12
902509,"Partida Tequila Reposado","Partida Tequila","80","180.00",6
902547,"Partida Anejo Tequila","Partida Tequila","80","192.57",6
902570,"Siete Leguas Reposado","Monsieur Henri Wines Ltd.","80","213.00",6
902576,"Pueblo Viejo Anejo Tequila","Monsieur Henri Wines Ltd.","70","169.00",12
902584,"Sauza Cien Anos Blanco Tequila","Jim Beam Brands","80","133.81",24
902586,"Pueblo Viejo Blanco","Monsieur Henri Wines Ltd.","70","120.00",12
902587,"Partida Blanco Tequila","Partida Tequila","80","159.53",6
902611,"Voodoo Tiki Reposado Tequila","Admiral Imports","80","181.40",6
902652,"Herradura Anejo 3pak Tequila (dno)","Brown-forman Corporation","80","81.07",3
902667,"Corzo Reposado Tequila","Bacardi U.s.a. Inc.","80","155.84",6
902669,"267 Tequila Orange","Boz Spirits","42","72.00",6
902698,"Herradura Silver Tequila 3-Pak","Brown-forman Corporation","80","63.38",3
902710,"Cabrito Reposado Tequila(dno)","Great Lakes Liquor Company","80","241.35",12
902714,"Jose Cuervo Anejo","Proximo","80","121.57",6
902750,"Margaritaville Oro","Monsieur Henri Wines Ltd.","80","94.00",12
902761,"Casa Noble Anejo","Constellation Wine Company Inc.","80","150.00",6
902791,"Patron Gran Platinum","The Patron Spirits Company","80","320.00",3
902805,"Voodoo Tiki Tequila Platinum","Admiral Imports","80","163.50",6
902828,"Sauza Tres Generaciones Plata","Jim Beam Brands","80","110.22",6
902839,"Tezon Anejo Tequila DNO","Pernod Ricard Usa/austin Nichols","80","179.96",6
902850,"Tezon Tequila Blanco DNO","Pernod Ricard Usa/austin Nichols","80","156.52",6
902863,"Casco Viejo Gold Tequila","Sans Wine And Spirits Co","80","120.00",12
902868,"El Jimador Blanco Tequila","Brown-forman Corporation","80","127.57",12
902877,"Corzo Silver Tequila","Bacardi U.s.a. Inc.","80","155.84",6
902889,"Sauza Cien Anos Verde","Jim Beam Brands","80","150.56",12
902901,"El Jimador Reposado Tequila","Brown-forman Corporation","80","184.30",12
902909,"Voodoo Tiki Anejo Tequila","Admiral Imports","80","199.15",6
902910,"Herradura Seleccion Suprema (dno)","Brown-forman Corporation","80","179.48",1
902930,"Cuervo 1800 Anejo","Proximo","80","127.96",6
902933,"El Tesoro Gold (reposado) Tequila","Jim Beam Brands","80","132.24",6
902942,"Espolon Reposado Tequila","Shaw Ross International Importers Ll","80","153.20",6
902975,"Corzo Anejo Tequila","Bacardi U.s.a. Inc.","80","185.84",6
902989,"Riazul Anejo Tequila","Jomada Imports Llc.","80","211.00",6
902990,"Milagro Romance(DNO)","William Grant And Sons Inc.","80","255.00",4
902991,"Riazul Reposado Tequila","Jomada Imports Llc.","80","195.50",6
903029,"Sauza Blanco Tequila","Jim Beam Brands","80","84.07",24
903046,"Porfidio Sing Barrel Anejo Green Cactus","Five Star Wine & Spirits","79","372.84",6
903050,"Milagro Anejo Tequila","William Grant And Sons Inc.","80","120.86",6
903081,"Porfidio Sing Cane Sb Anejo Green Palm","Five Star Wine & Spirits","90","192.84",6
903084,"El Conquistador Blanco Tequila DNO","Heaven Hill Distilleries Inc.","80","100.55",6
903086,"El Conquistador Reposado Tequila DNO","Heaven Hill Distilleries Inc.","80","118.55",6
903088,"El Conquistador Anejo Tequila","Heaven Hill Distilleries Inc.","80","133.55",6
903089,"Gran Centenario Anejo","Proximo","80","183.84",6
903107,"Porfidio Pure Cane Plata Blue Palm","Five Star Wine & Spirits","79","90.60",6
903114,"Porfidio 100% Agave Plata Blue Cactus","Five Star Wine & Spirits","79","198.66",6
903136,"Cabo Uno Reserva","Campari(skyy)","80","225.00",3
903139,"Calende Tequila Anejo","U.s. Distilled Prod. Co","80","85.49",6
903155,"Patron Gran Burdeos","The Patron Spirits Company","80","735.00",3
903164,"Lapis Anejo Tequila","Shaw Ross International Importers Ll","80","223.84",6
903176,"Corralejo Triple Distilled Reposado","Wilson Daniels Ltd.","80","153.00",6
903209,"Pueblo Viejo Reposado","Monsieur Henri Wines Ltd.","80","132.00",12
903211,"Herradura Blanco Silver 80 Prf Tequila","Brown-forman Corporation","80","125.62",6
903228,"Don Julio Blanco","Diageo Americas","80","146.97",6
903233,"El Toro Reposado Tequila","Sazerac North America","80","84.26",12
903237,"Tequila Solo Anejo","Vital Beverages","80","168.00",6
903238,"El Jimador Reposado(don't Use Code)","Brown-forman Corporation","80","165.57",24
903244,"Casadores Reposado Tequila","Bacardi U.s.a. Inc.","80","295.29",24
903274,"El Toro Silver Triple Distilled","Sazerac North America","80","85.10",12
903290,"Corralejo Reposado Tequila","Wilson Daniels Ltd.","80","153.37",6
903303,"Porfidio Tripl-Distilled Plata Minis","Five Star Wine & Spirits","79","747.00",15
903310,"Corralejo Anejo Tequila","Wilson Daniels Ltd.","80","120.00",6
903315,"Herradura Reposado Hispanic Bottle","Sazerac Co. Inc.","80","276.80",12
903316,"Cabo Wabo Tequila Minis","Campari(skyy)","80","141.25",5
903319,"Margaritaville Oro Mini","Monsieur Henri Wines Ltd.","80","106.08",10
903330,"Chinaco Reposado Tequila","Anchor Distilling (preiss Imports)","80","191.00",6
903369,"Hussong's Reposado Tequila","Mccormick Distilling Company","80","90.02",6
903377,"Sauza Hacienda Tequila(dno)","Jim Beam Brands","80","130.96",12
903380,"Corazon Blanco Tequila","Monsieur Henri Wines Ltd.","80","89.56",6
903381,"Casa Noble Reposado","Constellation Wine Company Inc.","80","176.00",6
903385,"Gran Centenario Reposado","Proximo","80","336.86",12
903422,"Cabo Wabo Anejo","Campari(skyy)","80","140.16",6
903441,"Sauza Cien Anos Reposado Tequila","Jim Beam Brands","80","144.61",24
903447,"Chinaco Blanco Artisan Tequila","Anchor Distilling (preiss Imports)","80","116.63",6
903450,"Frida Kahlo Blanco Tequila","Dorado Pizzorni & Sons Llc","80","166.35",6
903470,"Don Julio Reposado","Diageo Americas","80","147.81",6
903477,"Sol Dios Platinum Tequila","Aig Wine & Spirits Dba Mezzaluna Sp","80","120.00",6
903488,"Sol Dios Anejo Tequila","Aig Wine & Spirits Dba Mezzaluna Sp","80","140.00",6
903489,"Sauza Cien Anos Rep Tequila","Jim Beam Brands","80","121.50",12
903517,"Riazul Silver Tequila","Jomada Imports Llc.","80","179.00",6
903526,"Don Eduardo Anejo Tequila","Brown-forman Corporation","80","184.16",6
903599,"Lapis Anejo Tequila","Shaw Ross International Importers Ll","80","148.55",6
903643,"Tezon Reposado Tequila DNO","Pernod Ricard Usa/austin Nichols","80","161.97",6
903651,"Frida Kahlo Reposado Tequila","Dorado Pizzorni & Sons Llc","80","213.60",6
903667,"San Matias Gran Reserva Tequila","Monsieur Henri Wines Ltd.","80","160.00",6
903675,"Corazon De Agave Anejo Tequila","Monsieur Henri Wines Ltd.","80","111.96",6
903689,"Cabo Wabo Blanco Tequila","Campari(skyy)","80","145.92",6
903697,"Milagro Tequila Sbr Reposado","William Grant And Sons Inc.","80","234.50",6
903701,"Scorpion Mezcal Silver","Park Street Imports- Caballeros","80","248.50",12
903706,"Frida Kahlo Anejo Tequila","Dorado Pizzorni & Sons Llc","80","292.35",6
903717,"Milagro Reposado Tequila","William Grant And Sons Inc.","80","105.87",6
903744,"Herradura Anejo 6x6 12pak(dno)","Brown-forman Corporation","80","324.27",12
903754,"Milagro Tequila Sbr Silver","William Grant And Sons Inc.","80","167.00",6
903772,"Herradura Seleccion Suprema Tequila","Brown-forman Corporation","80","516.36",3
903774,"Siete Leguas Anejo","Monsieur Henri Wines Ltd.","80","235.00",6
903781,"Casco Viejo Silver Tequila","Sans Wine And Spirits Co","80","110.00",12
903807,"Siete Leguas Blanco","Monsieur Henri Wines Ltd.","80","204.00",6
903821,"Partida Tequila Elegante Extra Anejo","Partida Tequila","80","360.00",2
903836,"1800 Select Silver Tequila","Proximo","100","197.76",12
903937,"Tortilla Gold Tequila","White Rock Distilleries Inc.","80","84.72",12
903945,"Corralejo Blanco Tequila","Wilson Daniels Ltd.","80","75.00",6
903960,"Patron Reposado","The Patron Spirits Company","80","166.00",12
903962,"Don Eduardo Reposado","Brown-forman Corporation","80","153.28",6
903981,"El Diamante Del Cielo Blanco Tequila","Black Diamond Spirits Llc","80","125.00",6
903994,"Casa Noble Anejo","Constellation Wine Company Inc.","80","305.00",6
904000,"Cazadores Blanco","Bacardi U.s.a. Inc.","80","201.68",12
904004,"30-30 Tequila Reposado","Heartland Wine And Spirits Group","80","149.70",12
904005,"30-30 Tequila Blanco","Heartland Wine And Spirits Group","80","141.70",12
904010,"Tanteo Jalapeno Tequila( do not use)","Tanteo Tequila","40","134.00",6
904212,"Corazon De Agave Reposado Tequila","Monsieur Henri Wines Ltd.","80","95.97",6
904231,"Voodoo Tiki Tequila Desert Rose","Admiral Imports","67","96.00",6
904241,"Voodoo Tiki Tequila Green Dragon","Admiral Imports","67","96.00",6
904246,"Hacienda Vieja","Marsalle Company/stoller Warehouse","80","158.15",12
904399,"Voodoo Tiki Tequila Blue Dragon","Admiral Imports","67","96.00",6
904481,"Don Julio Reposado Mini","Diageo Americas","80","119.87",60
904482,"Sauza Hornitos Reposado","Jim Beam Brands","80","114.24",24
904484,"El Jimador Blanco Tequila","Brown-forman Corporation","80","140.67",24
904492,"Cazadores Reposado","Bacardi U.s.a. Inc.","80","295.29",24
904519,"Cabrito Reposado","Haas Brothers","80","203.20",12
904533,"Milagro Tequila Anejo Minis","William Grant And Sons Inc.","80","247.17",120
904567,"Gran Centenario Rosangel","Proximo","80","113.81",6
904569,"El Jimador Reposado Tequila","Brown-forman Corporation","80","110.97",6
904587,"Cabrito Blanco","Haas Brothers","80","129.20",12
904588,"El Jimador Silver Tequila","Brown-forman Corporation","80","110.97",6
904599,"Corralejo Reposado Teuqila","Wilson Daniels Ltd.","80","210.00",6
904600,"Don Julio Anejo","Diageo Americas","80","179.68",12
